Source,ID,dn (cm),gamma ((rhoS-rho)/rho); submerged specific density,Kinematic viscsity (cm^2/s),reported w (cm/s)
D+T 1976 from Hallermeier 1981,1,0.044,1.65,0.012,5.59
D+T 1976 from Hallermeier 1981,2,0.044,1.65,0.0116,5.69
D+T 1976 from Hallermeier 1981,3,0.044,1.65,0.0095,6.2
D+T 1976 from Hallermeier 1981,4,0.044,1.65,0.0089,6.4
E+H 1967 from Hallermeier 1981,5,0.016,1.65,0.01,1.6
E+H 1967 from Hallermeier 1981,6,0.023,1.65,0.0131,2.3
E+H 1967 from Hallermeier 1981,7,0.023,1.65,0.01,2.8
E+H 1967 from Hallermeier 1981,8,0.028,1.65,0.0131,2.8
E+H 1967 from Hallermeier 1981,9,0.032,1.65,0.0131,3.3
E+H 1967 from Hallermeier 1981,10,0.028,1.65,0.01,3.3
E+H 1967 from Hallermeier 1981,11,0.032,1.65,0.01,3.9
E+H 1967 from Hallermeier 1981,12,0.047,1.65,0.0131,5
E+H 1967 from Hallermeier 1981,13,0.047,1.65,0.01,5.8
E+H 1967 from Hallermeier 1981,14,0.066,1.65,0.0131,7.7
E+H 1967 from Hallermeier 1981,15,0.066,1.65,0.01,8.4
E+H 1967 from Hallermeier 1981,16,0.084,1.65,0.0131,10
E+H 1967 from Hallermeier 1981,17,0.084,1.65,0.01,11
G 1980 from Hallermeier 1981,18,0.024,1.67,0.01,2.7
H+S 1979 from Hallermeier 1981,19,0.008,0.739,0.0016,0.969
H+S 1979 from Hallermeier 1981,20,0.008,0.794,0.0015,1.11
H+S 1979 from Hallermeier 1981,21,0.008,0.857,0.0014,1.3
H+S 1979 from Hallermeier 1981,22,0.01,0.739,0.0016,1.4
H+S 1979 from Hallermeier 1981,23,0.01,0.794,0.0015,1.62
H+S 1979 from Hallermeier 1981,24,0.01,0.857,0.0014,1.97
H+S 1979 from Hallermeier 1981,25,0.014,0.739,0.0016,2.26
H+S 1979 from Hallermeier 1981,26,0.014,0.794,0.0015,2.32
H+S 1979 from Hallermeier 1981,27,0.014,0.857,0.0014,2.52
H+S 1979 from Hallermeier 1981,28,0.018,0.739,0.0016,2.83
H+S 1979 from Hallermeier 1981,29,0.018,0.794,0.0015,3.05
H+S 1979 from Hallermeier 1981,30,0.018,0.857,0.0014,3.14
H+S 1979 from Hallermeier 1981,31,0.024,0.739,0.0016,3.32
H+S 1979 from Hallermeier 1981,32,0.024,0.794,0.0015,3.54
H+S 1979 from Hallermeier 1981,33,0.024,0.857,0.0014,4.21
H+S 1979 from Hallermeier 1981,34,0.03,0.739,0.0016,4.08
H+S 1979 from Hallermeier 1981,35,0.03,0.794,0.0015,4.51
H+S 1979 from Hallermeier 1981,36,0.03,0.857,0.0014,5.15
Ma 1977 from Hellermeier 1981,37,0.051,0.25,0.0095,1.07
Ma 1977 from Hellermeier 1981,38,0.06,0.25,0.0095,1.52
Ma 1977 from Hellermeier 1981,39,0.072,0.25,0.0095,1.91
Mi 1977 from Hellermeier 1981,40,0.029,0.4,0.01,1.3
Mi 1977 from Hellermeier 1981,41,0.023,1.6,0.01,2.6
Mi 1977 from Hellermeier 1981,42,0.096,0.03,0.01,0.8
Mi 1977 from Hellermeier 1981,43,0.071,0.12,0.01,1.5
Mi 1977 from Hellermeier 1981,44,0.067,0.4,0.01,2.8
Mi 1977 from Hellermeier 1981,45,0.164,0.03,0.01,1.4
Mi 1977 from Hellermeier 1981,46,0.054,1.6,0.01,6.2
Mi 1977 from Hellermeier 1981,47,0.131,0.12,0.01,2.5
Mi 1977 from Hellermeier 1981,48,0.082,0.59,0.01,5
Mi 1977 from Hellermeier 1981,49,0.122,0.4,0.01,5
Mi 1977 from Hellermeier 1981,50,0.222,0.12,0.01,3.7
Na 1970 from Hellermeier 1981,51,0.015,1.66,0.01,2.09
Na 1970 from Hellermeier 1981,52,0.054,0.393,0.01,2.17
Na 1970 from Hellermeier 1981,53,0.118,0.054,0.01,1.65
Na 1970 from Hellermeier 1981,54,0.058,1.65,0.01,7.483
Na 1970 from Hellermeier 1981,55,0.102,0.393,0.01,3.911
Na 1970 from Hellermeier 1981,56,0.136,0.392,0.01,5.36
Nic 1970 from Hellermeier 1981,57,0.047,1.61,0.01,6.4
Nie1970 from Hellermeier 1981,58,0.019,1.65,0.01,2.06
Nie1970 from Hellermeier 1981,59,0.021,1.65,0.01,2.7
Nie1970 from Hellermeier 1981,60,0.04,1.65,0.01,5.1
Nie1970 from Hellermeier 1981,61,0.061,1.65,0.01,6.7
R 1938 from Hellermeier 1981,62,0.017,1.65,0.0084,1.75
R 1938 from Hellermeier 1981,63,0.033,1.65,0.0084,3.69
S 1959 from Hellermeier 1981,64,0.033,0.29,0.0089,1.14
S 1959 from Hellermeier 1981,65,0.022,1.66,0.0114,2.19
US 57 from Hellermeier 1981,66,0.047,1.65,0.0089,5.98
V 1958 from Hellermeier 1981,67,0.027,1.65,0.01,3.3
V 1958 from Hellermeier 1981,68,0.043,0.46,0.01,2.1
V 1958 from Hellermeier 1981,69,0.051,1.65,0.01,6
V 1958 from Hellermeier 1981,70,0.07,0.46,0.01,9.4
V 1958 from Hellermeier 1981,71,0.122,0.38,0.01,5.6
V 1958 from Hellermeier 1981,72,0.133,0.38,0.01,7.3
E+H 1967 from Hallermeier 1981,73,0.139,1.65,0.0131,15
E+H 1967 from Hallermeier 1981,74,0.139,1.65,0.01,16
E+H 1967 from Hallermeier 1981,75,0.2,1.65,0.0131,17
E+H 1967 from Hallermeier 1981,76,0.2,1.65,0.01,17
G 1980 from Hallermeier 1981,77,0.172,0.34,0.01,4.6
H+S 1979 from Hallermeier 1981,78,0.044,0.739,0.016,5.27
H+S 1979 from Hallermeier 1981,79,0.044,0.794,0.015,5.88
H+S 1979 from Hallermeier 1981,80,0.044,0.857,0.014,6.04
H+S 1979 from Hallermeier 1981,81,0.061,0.739,0.016,6.4
H+S 1979 from Hallermeier 1981,82,0.061,0.794,0.015,7.13
H+S 1979 from Hallermeier 1981,83,0.061,0.857,0.014,7.28
H+S 1979 from Hallermeier 1981,84,0.08,0.739,0.016,7.53
H+S 1979 from Hallermeier 1981,85,0.08,0.794,0.015,7.96
H+S 1979 from Hallermeier 1981,86,0.08,0.857,0.014,8.66
H+S 1979 from Hallermeier 1981,87,0.112,0.739,0.016,8.2
H+S 1979 from Hallermeier 1981,88,0.112,0.794,0.015,8.9
H+S 1979 from Hallermeier 1981,89,0.112,0.857,0.014,9.45
H+S 1979 from Hallermeier 1981,90,0.16,0.739,0.016,8.87
H+S 1979 from Hallermeier 1981,91,0.16,0.794,0.015,10.4
H+S 1979 from Hallermeier 1981,92,0.16,0.857,0.014,11.5
H+S 1979 from Hallermeier 1981,93,0.204,0.739,0.016,10.3
H+S 1979 from Hallermeier 1981,94,0.204,0.794,0.015,11.9
H+S 1979 from Hallermeier 1981,95,0.204,0.857,0.014,12.3
Mi 1977 from Hellermeier 1981,96,0.138,0.59,0.01,8
Mi 1977 from Hellermeier 1981,97,0.167,0.4,0.01,6.5
Mi 1977 from Hellermeier 1981,98,0.111,1.6,0.01,12.4
Mi 1977 from Hellermeier 1981,99,0.178,0.59,0.01,9.8
Mi 1977 from Hellermeier 1981,100,0.222,0.4,0.01,8
Mi 1977 from Hellermeier 1981,101,0.222,0.59,0.01,11.6
Mi 1977 from Hellermeier 1981,102,0.167,1.6,0.01,17.7
Mi 1977 from Hellermeier 1981,103,0.221,1.6,0.01,21.9
Na 1970 from Hellermeier 1981,104,0.107,1.62,0.01,13.47
Nic 1970 from Hellermeier 1981,105,0.222,1.58,0.01,18.9
US 57 from Hellermeier 1981,106,0.133,1.65,0.0085,14.1
V 1958 from Hellermeier 1981,107,0.178,0.38,0.01,8.9
E+H 1967 from Hallermeier 1981,108,0.01,1.65,0.0131,0.5
E+H 1967 from Hallermeier 1981,109,0.01,1.65,0.01,0.62
E+H 1967 from Hallermeier 1981,110,0.014,1.65,0.0131,0.96
E+H 1967 from Hallermeier 1981,111,0.016,1.65,0.0131,1.46
E+H 1967 from Hallermeier 1981,112,0.014,1.65,0.01,1.64
Nie1970 from Hellermeier 1981,113,0.009,1.65,0.01,0.44
R 1938 from Hellermeier 1981,114,0.008,1.65,0.0084,0.6
V 1958 from Hellermeier 1981,115,0.011,1.65,0.01,0.8
Raudkivi 1990 (FIAC 1957),116,0.017,1.65,0.01,1.48
Raudkivi 1990 (FIAC 1957),117,0.022,1.65,0.01,2.11
Raudkivi 1990 (FIAC 1957),118,0.033,1.65,0.01,3.61
Raudkivi 1990 (FIAC 1957),119,0.044,1.65,0.01,5
Raudkivi 1990 (FIAC 1957),120,0.056,1.65,0.01,6.4
Raudkivi 1990 (FIAC 1957),121,0.067,1.65,0.01,7.64
Raudkivi 1990 (FIAC 1957),122,0.078,1.65,0.01,8.86
Raudkivi 1990 (FIAC 1957),123,0.089,1.65,0.01,9.9
Raudkivi 1990 (FIAC 1957),124,0.1,1.65,0.01,11
Raudkivi 1990 (FIAC 1957),125,0.111,1.65,0.01,12.1
Raudkivi 1990 (FIAC 1957),126,0.133,1.65,0.01,13.73
Raudkivi 1990 (FIAC 1957),127,0.167,1.65,0.01,16.6
Ferguson and Church (1994),128,0.008,1.65,0.0092,4.25
Ferguson and Church (1994),129,0.009,1.65,0.0092,0.6
Ferguson and Church (1994),130,0.011,1.65,0.0092,0.75
Ferguson and Church (1994),131,0.013,1.65,0.0092,1.1
Ferguson and Church (1994),132,0.015,1.65,0.0092,1.39
Ferguson and Church (1994),133,0.03,1.65,0.0092,3.88
Ferguson and Church (1994),134,0.043,1.65,0.0092,5.51
Ferguson and Church (1994),135,0.061,1.65,0.0092,7.29
Ferguson and Church (1994),136,0.086,1.65,0.0092,9.3
Ferguson and Church (1994),137,0.121,1.65,0.0092,14.1
Ferguson and Church (1994),138,0.242,1.65,0.0092,20.9
Ferguson and Church (1994),139,0.484,1.65,0.0092,30.7
Briggs et al 1952 5,140,0.042,2.97,0.01,6.6
Briggs et al 1952 63,141,0.031,2.97,0.01,5
Briggs et al 1952 64,142,0.037,2.97,0.01,6.5
Briggs et al 1952 65,143,0.027,2.97,0.01,3.9
Briggs et al 1952 66,144,0.03,2.97,0.01,4.7
Briggs et al 1952 67,145,0.013,2.97,0.01,1.4
Briggs et al 1952 68,146,0.025,2.97,0.01,3.4
Briggs et al 1952 69,147,0.032,2.97,0.01,5.4
Briggs et al 1952 70,148,0.032,2.97,0.01,5.8
Briggs et al 1952 71,149,0.036,2.97,0.01,4.8
Briggs et al 1952 72,150,0.022,2.97,0.01,3.3
Briggs et al 1952 73,151,0.013,2.97,0.01,1.5
Briggs et al 1952 75,152,0.039,2.97,0.01,7.8
Briggs et al 1952 76,153,0.03,2.97,0.01,5.3
Briggs et al 1952 77,154,0.019,2.97,0.01,1.7
Briggs et al 1952 78,155,0.02,2.97,0.01,3.1
Briggs et al 1952 79,156,0.012,2.97,0.01,1.4
Briggs et al 1952 81,157,0.011,2.97,0.01,1.5
Briggs et al 1952 82,158,0.034,2.97,0.01,6.3
Briggs et al 1952 84,159,0.013,2.97,0.01,1.8
Briggs et al 1952 8,160,0.034,2.66,0.01,3.4
Briggs et al 1952 23,161,0.028,2.66,0.01,3.5
Briggs et al 1952 86,162,0.018,2.66,0.01,2.2
Briggs et al 1952 89,163,0.028,2.66,0.01,2.9
Briggs et al 1952 90,164,0.027,2.66,0.01,3.3
Briggs et al 1952 91,165,0.028,2.66,0.01,3
Briggs et al 1952 93,166,0.021,2.66,0.01,2.1
Briggs et al 1952 94,167,0.013,2.66,0.01,1.3
Briggs et al 1952 95,168,0.022,2.66,0.01,2.4
Briggs et al 1952 96,169,0.018,2.66,0.01,2.2
Briggs et al 1952 97,170,0.011,2.66,0.01,1.2
Briggs et al 1952 98,171,0.021,2.66,0.01,2.3
Briggs et al 1952 99,172,0.02,2.66,0.01,2.1
Briggs et al 1952 101,173,0.018,2.66,0.01,1.2
Briggs et al 1952 102,174,0.015,2.66,0.01,1
Briggs et al 1952 103,175,0.026,2.66,0.01,2.9
Briggs et al 1952 104,176,0.017,2.66,0.01,1.9
Briggs et al 1952 106,177,0.016,2.66,0.01,1.8
Briggs et al 1952 107,178,0.018,2.66,0.01,2.2
Briggs et al 1952 108,179,0.038,2.66,0.01,6.2
Briggs et al 1952 109,180,0.049,2.66,0.01,6.7
Briggs et al 1952 110,181,0.047,2.66,0.01,6.8
Briggs et al 1952 111,182,0.029,2.66,0.01,4
Briggs et al 1952 112,183,0.036,2.66,0.01,5.1
Briggs et al 1952 113,184,0.033,2.66,0.01,3.8
Briggs et al 1952 14,185,0.021,2.19,0.01,2.6
Briggs et al 1952 29,186,0.015,2.19,0.01,1.3
Briggs et al 1952 114,187,0.018,2.19,0.01,2.3
Briggs et al 1952 115,188,0.029,2.19,0.01,3.9
Briggs et al 1952 116,189,0.048,2.19,0.01,6.2
Briggs et al 1952 117,190,0.026,2.19,0.01,3.2
Briggs et al 1952 118,191,0.02,2.19,0.01,2.3
Briggs et al 1952 120,192,0.012,2.19,0.01,1.3
Briggs et al 1952 121,193,0.018,2.19,0.01,2
Briggs et al 1952 122,194,0.012,2.19,0.01,1.2
Briggs et al 1952 124,195,0.023,2.19,0.01,3.3
Briggs et al 1952 125,196,0.026,2.19,0.01,3.1
Briggs et al 1952 126,197,0.027,2.19,0.01,3.2
Briggs et al 1952 127,198,0.041,2.19,0.01,5.3
Briggs et al 1952 128,199,0.043,2.19,0.01,6.4
Briggs et al 1952 129,200,0.046,2.19,0.01,6.3
Briggs et al 1952 130,201,0.05,2.19,0.01,7.9
Briggs et al 1952 131,202,0.025,2.19,0.01,3.4
Briggs et al 1952 132,203,0.039,2.19,0.01,5.2
Briggs et al 1952 133,204,0.036,2.19,0.01,4.8
Briggs et al 1952 9,205,0.035,4.07,0.01,7.1
Briggs et al 1952 24,206,0.022,4.07,0.01,4.2
Briggs et al 1952 134,207,0.041,4.07,0.01,9.5
Briggs et al 1952 135,208,0.038,4.07,0.01,8.3
Briggs et al 1952 136,209,0.038,4.07,0.01,8.3
Briggs et al 1952 137,210,0.029,4.07,0.01,6
Briggs et al 1952 138,211,0.03,4.07,0.01,6.4
Briggs et al 1952 139,212,0.025,4.07,0.01,5.4
Briggs et al 1952 140,213,0.031,4.07,0.01,5.1
Briggs et al 1952 141,214,0.026,4.07,0.01,4.5
Briggs et al 1952 142,215,0.015,4.07,0.01,3
Briggs et al 1952 143,216,0.019,4.07,0.01,3.6
Briggs et al 1952 145,217,0.019,4.07,0.01,3.6
Briggs et al 1952 147,218,0.042,4.07,0.01,9
Briggs et al 1952 148,219,0.036,4.07,0.01,8.1
Briggs et al 1952 149,220,0.044,4.07,0.01,8.3
Briggs et al 1952 150,221,0.026,4.07,0.01,6.5
Briggs et al 1952 151,222,0.024,4.07,0.01,4.5
Briggs et al 1952 152,223,0.021,4.07,0.01,3.7
Briggs et al 1952 153,224,0.036,4.07,0.01,6
Briggs et al 1952 1,225,0.03,2.45,0.01,4.5
Briggs et al 1952 16,226,0.019,2.45,0.01,2.2
Briggs et al 1952 31,227,0.038,2.45,0.01,5.7
Briggs et al 1952 32,228,0.031,2.45,0.01,5.1
Briggs et al 1952 34,229,0.021,2.45,0.01,2.9
Briggs et al 1952 35,230,0.029,2.45,0.01,4
Briggs et al 1952 36,231,0.02,2.45,0.01,2.1
Briggs et al 1952 37,232,0.02,2.45,0.01,2.7
Briggs et al 1952 38,233,0.027,2.45,0.01,3.9
Briggs et al 1952 40,234,0.02,2.45,0.01,2.6
Briggs et al 1952 41,235,0.055,2.45,0.01,8
Briggs et al 1952 42,236,0.052,2.45,0.01,8.1
Briggs et al 1952 43,237,0.038,2.45,0.01,4.8
Briggs et al 1952 45,238,0.044,2.45,0.01,6.2
Briggs et al 1952 46,239,0.018,2.45,0.01,2.2
Briggs et al 1952 47,240,0.014,2.45,0.01,1.7
Briggs et al 1952 48,241,0.014,2.45,0.01,1.3
Briggs et al 1952 49,242,0.014,2.45,0.01,1.3
Briggs et al 1952 50,243,0.015,2.45,0.01,1.6
Briggs et al 1952 55,244,0.018,2.45,0.01,2.1
Briggs et al 1952 56,245,0.014,2.45,0.01,1.3
Briggs et al 1952 59,246,0.014,2.45,0.01,1.9
Briggs et al 1952 60,247,0.02,2.45,0.01,2
Briggs et al 1952 61,248,0.009,2.45,0.01,0.9
Briggs et al 1952 2,249,0.038,2.34,0.01,5.9
Briggs et al 1952 3,250,0.036,2.32,0.01,5.1
Briggs et al 1952 4,251,0.034,2.46,0.01,4.7
Briggs et al 1952 6,252,0.043,2.21,0.01,5.7
Briggs et al 1952 7,253,0.034,3.71,0.01,6.3
Briggs et al 1952 10,254,0.038,3.4,0.01,7.9
Briggs et al 1952 11,255,0.037,2.48,0.01,5.3
Briggs et al 1952 12,256,0.042,2.36,0.01,5.9
Briggs et al 1952 13,257,0.028,2.51,0.01,3.9
Briggs et al 1952 15,258,0.024,3.4,0.01,4.4
Briggs et al 1952 17,259,0.029,2.34,0.01,3.6
Briggs et al 1952 19,260,0.02,2.46,0.01,2.5
Briggs et al 1952 21,261,0.022,2.21,0.01,2
Briggs et al 1952 26,262,0.018,2.48,0.01,2
Briggs et al 1952 27,263,0.019,2.36,0.01,2.5
Briggs et al 1952 28,264,0.018,2.51,0.01,2
Briggs et al 1952 30,265,0.012,3.4,0.01,1.9
Smith and Cheung 2003 1,266,0.042,1.6,0.0104,5.2
Smith and Cheung 2003 2,267,0.048,1.6,0.01,4.8
Smith and Cheung 2003 3,268,0.051,1.6,0.01,5.7
Smith and Cheung 2003 4,269,0.059,1.6,0.01,7.3
Smith and Cheung 2003 5,270,0.07,1.6,0.0101,8.2
Smith and Cheung 2003 6,271,0.08,1.6,0.01,10.2
Smith and Cheung 2003 7,272,0.101,1.6,0.0099,11.4
Smith and Cheung 2003 8,273,0.128,1.6,0.0099,16.4
Smith and Cheung 2003 9,274,0.137,1.6,0.01,16.2
Smith and Cheung 2003 10,275,0.148,1.6,0.01,16.8
Smith and Cheung 2003 11,276,0.148,1.6,0.01,14.2
Smith and Cheung 2003 12,277,0.182,1.6,0.01,15.6
Smith and Cheung 2003 13,278,0.192,1.6,0.01,21.3
Smith and Cheung 2003 14,279,0.198,1.6,0.01,16.9
Smith and Cheung 2003 15,280,0.202,1.6,0.01,20.2
Smith and Cheung 2003 16,281,0.202,1.6,0.01,21.4
Smith and Cheung 2003 17,282,0.248,1.6,0.01,20.7
Smith and Cheung 2003 18,283,0.249,1.6,0.01,21.5
Smith and Cheung 2003 19,284,0.407,1.6,0.01,18.4
Smith and Cheung 2003 20,285,0.553,1.6,0.01,18
Smith and Cheung 2003 21,286,0.626,1.6,0.01,31.6
Smith and Cheung 2003 22,287,0.691,1.6,0.01,29
Cheng 1997 1,288,0.0001,1.65,0.0114,0.0001
Cheng 1997 2,289,0.0005,1.65,0.0114,0.0014
Cheng 1997 3,290,0.001,1.65,0.0114,0.0057
Cheng 1997 4,291,0.002,1.65,0.0114,0.0223
Cheng 1997 5,292,0.005,1.65,0.0114,0.141
Cheng 1997 6,293,0.0061,1.65,0.0114,0.235
Cheng 1997 7,294,0.0069,1.65,0.0114,0.292
Cheng 1997 8,295,0.008,1.65,0.0114,0.34
Cheng 1997 9,296,0.0094,1.65,0.0114,0.406
Cheng 1997 10,297,0.01,1.65,0.0114,0.515
Cheng 1997 11,298,0.0123,1.65,0.0114,0.775
Cheng 1997 12,299,0.015,1.65,0.0114,1.14
Cheng 1997 13,300,0.02,1.65,0.0114,1.7
Cheng 1997 14,301,0.0225,1.65,0.0114,1.73
Cheng 1997 15,302,0.025,1.65,0.0114,2.29
Cheng 1997 16,303,0.0275,1.65,0.0114,2.99
Cheng 1997 17,304,0.03,1.65,0.0114,3.21
Cheng 1997 18,305,0.0325,1.65,0.0114,3.08
Cheng 1997 19,306,0.0375,1.65,0.0114,4.18
Cheng 1997 20,307,0.04,1.65,0.0114,4.61
Cheng 1997 21,308,0.05,1.65,0.0114,5.67
Cheng 1997 22,309,0.05,1.65,0.0114,6.2
Cheng 1997 23,310,0.0556,1.65,0.0106,8.46
Cheng 1997 24,311,0.0556,1.65,0.014,7.82
Cheng 1997 25,312,0.06,1.65,0.0114,7.28
Cheng 1997 26,313,0.07,1.65,0.0114,8.04
Cheng 1997 27,314,0.075,1.65,0.0114,8.58
Cheng 1997 28,315,0.0775,1.65,0.0114,10.09
Cheng 1997 29,316,0.085,1.65,0.0137,10.85
Cheng 1997 30,317,0.1,1.65,0.0114,11.15
Cheng 1997 31,318,0.1,1.65,0.0114,12.17
Cheng 1997 32,319,0.15,1.65,0.0124,15
Cheng 1997 33,320,0.15,1.65,0.0131,15.62
Cheng 1997 34,321,0.2,1.65,0.0114,19.25
Cheng 1997 35,322,0.25,1.65,0.0106,20.7
Cheng 1997 36,323,0.25,1.65,0.0114,21.6
Cheng 1997 37,324,0.25,1.65,0.0124,20.8
Cheng 1997 38,325,0.25,1.65,0.0066,20.1
Cheng 1997 39,326,0.3,1.65,0.0114,23
Cheng 1997 40,327,0.35,1.65,0.0104,25
Cheng 1997 41,328,0.35,1.65,0.0114,25.38
Cheng 1997 42,329,0.35,1.65,0.014,25.9
Cheng 1997 43,330,0.45,1.65,0.0137,28.1
Komar and Reiners 1,331,1.2042,2.4934,9,5.08
Komar and Reiners 2,332,1.1914,2.0952,9,4.978
Komar and Reiners 3,333,1.2748,2.3517,9,6.401
Komar and Reiners 4,334,1.1752,2.1622,9,5.613
Komar and Reiners 5,335,1.6899,1.7688,9,8.509
Komar and Reiners 6,336,1.2948,2.6281,9,5.944
Komar and Reiners 7,337,1.3206,2.3094,9,6.375
Komar and Reiners 8,338,1.2792,2.6218,9,6.426
Komar and Reiners 9,339,1.4327,1.9925,9,6.452
Komar and Reiners 10,340,1.0652,2.5265,9,4.572
Komar and Reiners 11,341,1.4718,2.248,9,8.331
Komar and Reiners 12,342,1.2602,1.8626,9,5.232
Komar and Reiners 13,343,1.0279,1.9259,9,3.531
Komar and Reiners 14,344,0.6782,2.502,9,1.981
Komar and Reiners 15,345,0.7453,1.9254,9,2.134
Komar and Reiners 16,346,0.7861,2.3971,9,2.743
Komar and Reiners 18,347,1.1319,2.271,9,4.267
Komar and Reiners 20,348,1.0106,2.3547,9,4.394
Komar and Reiners 21,349,0.8436,2.8047,9,2.896
Komar and Reiners 22,350,0.6449,2.6317,9,1.905
Komar and Reiners 23,351,0.8278,2.4041,9,2.794
Komar and Reiners 24,352,1.0226,2.3467,9,3.988
Komar and Reiners 25,353,0.6773,2.375,9,1.981
Komar and Reiners 26,354,1.0777,1.8701,9,4.14
Komar and Reiners 27,355,0.6844,2.4313,9,2.083
Komar and Reiners 28,356,0.8017,2.2623,9,2.819
Komar and Reiners 29,357,0.9216,2.7205,9,3.556
Komar and Reiners 30,358,0.7281,2.7846,9,2.362
Komar and Reiners 31,359,0.8831,1.8844,9,2.946
Komar and Reiners 32,360,0.9574,2.5454,9,3.683
Komar and Reiners 33,361,0.8883,2.4907,9,3.378
Komar and Reiners 34,362,1.7376,2.2189,9,9.804
Komar and Reiners 35,363,1.5603,2.3768,9,8.331
Komar and Reiners 36,364,1.196,2.2688,9,5.461
Komar and Reiners 37,365,0.9741,1.9544,9,3.861
Komar and Reiners 38,366,1.3086,2.5035,9,6.325
Komar and Reiners 40,367,0.9711,2.4643,9,3.937
Komar and Reiners 41,368,1.0755,2.4324,9,4.75
Komar and Reiners 42,369,1.2499,2.2969,9,6.401
Komar and Reiners 43,370,1.1648,2.4519,9,5.817
Komar and Reiners 44,371,1.1808,2.3301,9,5.283
Komar and Reiners 45,372,1.1273,2.3106,9,5.156
Komar and Reiners 46,373,1.0015,2.0094,9,3.15
Komar and Reiners 48,374,1.0692,2.1405,9,4.775
Komar and Reiners 49,375,0.7951,2.2606,9,2.718
Komar and Reiners 50,376,1.3811,2.2582,9,7.645
Komar and Reiners 51,377,0.8891,2.4022,9,3.48
Komar and Reiners 52,378,1.1739,1.7792,9,4.97
Komar and Reiners 53,379,1.8616,2.2332,9,12.395
Komar and Reiners 54,380,0.7181,2.3015,9,2.337
Komar and Reiners 55,381,0.7341,2.2586,9,2.54
Corey 1,382,0.685,1.65,0.012,29.781
Corey 2,383,0.508,1.65,0.012,33.7795
Corey 3,384,0.7,1.65,0.012,39.6
Corey 4,385,0.66,1.65,0.012,40.3636
Corey 5,386,0.501,1.65,0.012,30.1796
Corey 6,387,0.707,1.65,0.012,26.4781
Corey 7,388,0.683,1.65,0.012,36.369
Corey 8,389,0.532,1.65,0.012,38.3459
Corey 9,390,0.654,1.65,0.012,41.8349
Corey 10,391,0.473,1.65,0.012,25.1163
Corey 11,392,0.404,1.65,0.012,31.4851
Corey 12,393,0.382,1.65,0.012,29.0576
Corey 13,394,0.358,1.65,0.012,27.1508
Corey 14,395,0.405,1.65,0.012,27.2593
Corey 15,396,0.338,1.65,0.012,31.0651
Corey 16,397,0.468,1.65,0.012,32.8205
Corey 17,398,0.41,1.65,0.012,27.9805
Corey 18,399,0.443,1.65,0.012,36.0271
Corey 19,400,0.439,1.65,0.012,29.795
Corey 20,401,0.259,1.65,0.012,25.3436
Corey 21,402,0.253,1.65,0.012,29.0277
Corey 22,403,0.232,1.65,0.012,27.6207
Corey 23,404,0.304,1.65,0.012,23.7237
Corey 24,405,0.246,1.65,0.012,22.6829
Corey 25,406,0.251,1.65,0.012,22.3267
Corey 26,407,0.225,1.65,0.012,19.3067
Corey 27,408,0.233,1.65,0.012,23.279
Corey 28,409,0.257,1.65,0.012,24.3268
Corey 29,410,0.238,1.65,0.012,22.9412
Corey 30,411,0.215,1.65,0.012,24
Corey 31,412,0.209,1.65,0.012,20.6699
Corey 33,413,0.206,1.65,0.012,16.0194
Corey 34,414,0.212,1.65,0.012,18.1132
Corey 35,415,0.21,1.65,0.012,21.4286
Corey 36,416,0.229,1.65,0.012,22.5328
Corey 38,417,0.22,1.65,0.012,21.2727
Corey 39,418,0.217,1.65,0.012,22.1198
Corey 40,419,0.209,1.65,0.012,24.1148
Corey 41,420,0.182,1.65,0.012,19.1209
Corey 43,421,0.19,1.65,0.012,21.7895
Corey 44,422,0.204,1.65,0.012,19.4118
Corey 45,423,0.191,1.65,0.012,19.6649
Corey 46,424,0.208,1.65,0.012,24.8077
Corey 47,425,0.193,1.65,0.012,19.0259
Corey 48,426,0.183,1.65,0.012,21.377
Corey 49,427,0.164,1.65,0.012,19.7561
Shultz 1,428,0.09,1.65,0.011,11.08
Shultz 2,429,0.103,1.65,0.011,11.72
Shultz 3,430,0.07,1.8,0.011,5.42
Shultz 4,431,0.16,1.57,0.011,13.28
Shultz 5,432,0.104,1.65,0.0113,8.81
Shultz 6,433,0.089,1.57,0.0111,10.98
Shultz 7,434,0.063,1.65,0.0113,7
Shultz 8,435,0.081,3,0.0116,14.5
Shultz 9,436,0.084,1.57,0.0117,5.54
Shultz 10,437,0.074,1.65,0.0118,8.57
Shultz 11,438,0.087,2,0.0116,9.5
Shultz 12,439,0.091,2,0.0113,10
Shultz 13,440,0.099,1.8,0.0113,10.68
Shultz 14,441,0.101,1.57,0.0113,8.25
Shultz 15,442,0.083,1.57,0.0113,8.84
Shultz 16,443,0.095,1.65,0.0113,10.38
Shultz 17,444,0.055,1.8,0.011,4.3
Shultz 18,445,0.078,1.57,0.011,6.63
Shultz 19,446,0.072,1.57,0.011,7.14
Shultz 20,447,0.071,1.65,0.0113,9.44
Shultz 21,448,0.01,1.57,0.0113,9.53
Shultz 22,449,0.078,1.65,0.0113,6.92
Shultz 23,450,0.077,1.65,0.0113,8.55
Shultz 24,451,0.061,1.65,0.0113,5.58
Shultz 25,452,0.083,1.8,0.0113,7.29
Shultz 26,453,0.078,1.57,0.0109,7.96
Shultz 27,454,0.037,1.8,0.0109,3.35
Shultz 28,455,0.061,1.8,0.0109,6.17
Shultz 29,456,0.053,1.65,0.011,5.83
Shultz 30,457,0.065,1.65,0.011,6.45
Shultz 31,458,0.055,1.65,0.011,5.18
Shultz 32,459,0.051,1.65,0.0113,6.23
Shultz 33,460,0.063,1.65,0.0113,8.73
Shultz 34,461,0.055,1.65,0.0113,5.98
Shultz 35,462,0.061,1.57,0.0116,4.93
Shultz 36,463,0.079,1.57,0.0117,7.05
Shultz 37,464,0.42,1.65,0.101,3.85
Shultz 38,465,0.033,1.8,0.101,2.79
Shultz 39,466,0.026,1.8,0.01,3.01
Shultz 40,467,0.048,1.65,0.01,4.9
Shultz 41,468,0.033,1.65,0.01,3.32
Shultz 42,469,0.045,2,0.0101,4.07
Shultz 43,470,0.042,1.72,0.0101,3.42
Shultz 44,471,0.042,1.65,0.0102,4.14
Shultz 45,472,0.027,1.65,0.011,8.82
Shultz 46,473,0.035,1.65,0.011,4.12
Shultz 47,474,0.027,6.5,0.0114,3.63
Shultz 48,475,0.029,1.65,0.0113,2.93
Shultz 49,476,0.027,1.65,0.0112,2.85
Shultz 50,477,0.031,1.65,0.0112,3.7
Shultz 51,478,0.025,1.65,0.011,1.95
Shultz 52,479,0.02,1.8,0.0102,0.96
Shultz 53,480,0.02,1.54,0.0102,1.28
Shultz 54,481,0.025,1.65,0.0102,1.78
Shultz 55,482,0.024,1.65,0.0102,2.37
Shultz 56,483,0.024,6.5,0.0102,1.23
Shultz 57,484,0.025,1.57,0.0102,2.03
Shultz 58,485,0.025,2,0.0102,0.61
Shultz 59,486,0.148,1.65,0.0112,13.03
Shultz 60,487,0.127,1.65,0.0112,15.62
Shultz 61,488,0.139,1.65,0.0112,16.35
Shultz 62,489,1.38,1.65,0.011,15.96
Shultz 63,490,0.145,1.65,0.011,16.18
Shultz 64,491,0.139,1.65,0.011,16.04
Shultz 65,492,0.127,1.65,0.0108,10.36
Shultz 66,493,0.137,1.65,0.0108,15.78
Shultz 67,494,0.12,1.65,0.0108,13.82
Shultz 68,495,0.148,1.65,0.0108,16.2
Shultz 69,496,0.142,1.65,0.0106,15.95
Shultz 70,497,0.115,1.65,0.0106,12.26
Shultz 71,498,0.131,1.65,0.0106,13.58
Shultz 72,499,0.128,1.57,0.0106,15.05
Shultz 73,500,0.103,1.65,0.0105,9.65
Shultz 74,501,0.112,1.65,0.0105,11.88
Shultz 75,502,0.126,1.57,0.0105,12.02
Shultz 76,503,0.122,1.65,0.01,13.95
Shultz 77,504,0.117,1.65,0.01,14.65
Shultz 78,505,0.113,1.6,0.01,15.02
Shultz 79,506,0.12,1.65,0.01,13.98
Shultz 80,507,0.106,1.65,0.01,12.42
Shultz 81,508,0.088,1.65,0.01,8.89
Shultz 82,509,0.099,1.65,0.01,14.06
Shultz 83,510,0.089,1.57,0.011,9.38
Shultz 84,511,0.097,1.65,0.011,9.48
Shultz 85,512,0.093,1.65,0.011,9.57
Shultz 86,513,0.105,1.65,0.011,12.23
Shultz 87,514,0.106,1.65,0.011,12.06
Shultz 88,515,0.107,1.65,0.011,14.98
Shultz 89,516,0.091,1.65,0.0112,10.17
Shultz 90,517,0.092,1.65,0.0112,11.92
Shultz 91,518,0.087,1.65,0.011,9.1
Shultz 92,519,0.076,1.65,0.011,10.56
Shultz 93,520,0.076,1.65,0.011,8.65
Shultz 94,521,0.074,1.65,0.0108,7.65
Shultz 95,522,0.082,4,0.0108,5.8
Shultz 96,523,0.077,1.57,0.0106,9.87
Shultz 97,524,0.098,1.65,0.0106,11.25
Shultz 98,525,0.066,1.65,0.011,9
Shultz 99,526,0.062,1.65,0.011,6.25
Shultz 100,527,0.072,1.65,0.011,8.6
Shultz 101,528,0.069,1.65,0.0108,9.15
Shultz 102,529,0.062,1.65,0.0108,7.28
Shultz 103,530,0.07,1.65,0.0108,8.2
Shultz 104,531,0.087,1.65,0.0108,9.3
Shultz 105,532,0.072,1.65,0.011,7.8
Shultz 106,533,0.078,1.65,0.011,6.69
Shultz 107,534,0.075,1.65,0.011,8.8
Shultz 108,535,0.062,1.65,0.011,5.95
Shultz 109,536,0.062,1.65,0.011,8.93
Shultz 110,537,0.065,1.65,0.0108,9.02
Shultz 111,538,0.064,1.57,0.0108,7
Shultz 112,539,0.064,1.65,0.0108,8.52
Shultz 113,540,0.07,1.65,0.0108,7.15
Shultz 114,541,0.053,1.65,0.0106,7
Shultz 115,542,0.055,1.65,0.0106,6.05
Shultz 116,543,0.057,1.65,0.0106,6.39
Shultz 117,544,0.045,1.65,0.0103,5.08
Shultz 118,545,0.048,1.65,0.0103,5.01
Shultz 119,546,0.032,1.65,0.0103,3.15
Shultz 120,547,0.042,1.65,0.0103,4.55
Shultz 121,548,0.032,1.65,0.0101,3.34
Shultz 122,549,0.045,1.65,0.0101,4.45
Shultz 123,550,0.042,1.65,0.0101,4.3
Shultz 124,551,0.032,1.65,0.0101,3.42
Shultz 125,552,0.048,1.65,0.0101,6.55
Shultz 126,553,0.048,1.65,0.0101,6.2
Shultz 127,554,0.032,1.65,0.01,3.4
Shultz 128,555,0.045,1.65,0.01,3.7
Shultz 129,556,0.042,1.65,0.01,6.05
Shultz 130,557,0.045,1.65,0.01,6.1
Shultz 131,558,0.038,1.65,0.01,3.38
Shultz 132,559,0.045,1.65,0.01,6.3
Shultz 133,560,0.038,1.65,0.0101,4.25
Shultz 134,561,0.038,1.65,0.0101,4.25
Shultz 135,562,0.042,1.65,0.0101,4.45
Shultz 136,563,0.045,1.65,0.0101,5.2
Shultz 137,564,0.032,1.65,0.011,3.75
Shultz 138,565,0.032,1.65,0.011,3.1
Shultz 139,566,0.038,1.65,0.0108,3.3
Shultz 140,567,0.032,1.65,0.0108,2.91
Shultz 141,568,0.038,1.65,0.0108,4.25
Shultz 142,569,0.032,1.65,0.0106,4.07
Shultz 143,570,0.032,1.65,0.0106,2.8
Shultz 144,571,0.038,1.65,0.0106,5.75
Shultz 145,572,0.038,1.65,0.0106,3.65
Shultz 146,573,0.032,1.65,0.0106,3.1
Shultz 147,574,0.028,1.65,0.011,2.48
Shultz 148,575,0.024,1.65,0.011,1.86
Shultz 149,576,0.026,1.65,0.0108,2.2
Shultz 150,577,0.025,1.65,0.0108,1.75
Shultz 151,578,0.023,1.65,0.0106,1.6
Shultz 152,579,0.024,1.65,0.0106,1.12
Shultz 153,580,0.021,1.65,0.0106,1.68
Shultz 154,581,0.023,1.65,0.011,2.27
Shultz 155,582,0.022,1.65,0.011,2.08
Shultz 156,583,0.019,1.65,0.01,1.92
Shultz 157,584,0.025,1.65,0.01,2.86
Shultz 158,585,0.027,1.65,0.01,2.53
Shultz 159,586,0.025,1.65,0.01,1.72
Wilde 1,587,2.81,1.62,0.0099,76.2
Wilde 2,588,2.27,1.62,0.0099,77.7
Wilde 3,589,2,1.63,0.0096,37.2
Wilde 4,590,2.05,1.65,0.01,49.1
Wilde 5,591,2.18,1.65,0.01,48.8
Wilde 6,592,1.32,1.58,0.0102,34.8
Wilde 7,593,1.48,1.64,0.0103,34.2
Wilde 8,594,0.82,1.61,0.0099,33.2
Wilde 9,595,0.92,1.64,0.0099,29.2
Wilde 10,596,0.92,1.65,0.0096,41.8
Wilde 11,597,0.79,1.65,0.01,43.3
Wilde 12,598,1.15,1.65,0.01,46.3
Wilde 13,599,1.43,1.66,0.0093,51.2
Wilde 14,600,1.43,1.61,0.01,30.2
Wilde 15,601,1.15,1.61,0.0096,27.4
Wilde 17,602,1.24,1.42,0.0093,42.4
Wilde 18,603,1.05,1.63,0.0098,39.6
Wilde 19,604,1.19,1.61,0.0098,47.2
Wilde 20,605,1.64,1.95,0.0099,51.8
Wilde 21,606,1.65,1.65,0.0099,52.7
Wilde 24,607,1.33,1.58,0.0098,50.3
Wilde 25,608,1.27,1.6,0.0096,49.1
Wilde 26,609,1.1,1.58,0.0098,28
Wilde 27,610,2.01,1.6,0.0098,56.7
Wilde 28,611,1.23,1.7,0.0096,33.5
Wilde 29,612,1.11,1.62,0.0096,45.7
Wilde 30,613,1.41,1.89,0.0098,53.1
Wilde 31,614,1.36,1.6,0.0093,63.7
Wilde 32,615,1.21,1.65,0.0098,40.3
Wilde 33,616,1.42,1.65,0.0098,41.8
Wilde 34,617,1.38,1.65,0.0095,43.6
Wilde 35,618,1.65,1.57,0.0098,39
Wilde 36,619,1.54,1.64,0.0096,50.3
Wilde 37,620,1.12,1.58,0.0098,39
Wilde 38,621,1.3,2.05,0.0098,38.7
Wilde 39,622,1.4,1.58,0.0096,45.1
Wilde 40,623,2.14,1.59,0.0098,70.4
Wilde 41,624,1.37,1.65,0.0098,80.8
Wilde 42,625,1.78,1.63,0.0096,50.6
Wilde 44,626,2.27,1.95,0.0096,52.7
Wilde 45,627,1.66,1.58,0.0098,47.3
Wilde 46,628,1.06,1.65,0.0098,38.1
Wilde 48,629,0.77,1.57,0.0098,39.7
Wilde 49,630,1.12,1.59,0.0098,42.1
Wilde 50,631,1.45,1.63,0.0098,60.4
Wilde 52,632,1.12,1.64,0.0093,44.2
Wilde 53,633,1.06,1.67,0.0096,42.1
Wilde 54,634,1.5,1.65,0.0098,55.5
Wilde 55,635,1.12,1.62,0.0093,39
Wilde 56,636,1.28,1.64,0.0098,36.6
Wilde 58,637,0.59,1.6,0.0098,23.2
Wilde 59,638,0.7,1.63,0.0098,36
Wilde 60,639,1.32,1.63,0.0096,55.1
Wilde 61,640,1.2,1.63,0.0098,44.8
Wilde 62,641,0.99,1.6,0.0098,42.7
Wilde 63,642,1.42,1.51,0.0098,75.5
Wilde 64,643,1.53,1.5,0.0096,76.5
Wilde 65,644,1.64,1.49,0.0098,80.5
Wilde 70,645,2.1,1.62,0.0109,68.5
Wilde 71,646,2.22,1.61,0.0109,70
Wilde 72,647,2.23,1.6,0.0109,68.7
Wilde 73,648,2.35,1.64,0.0109,53.6
Wilde 74,649,2.47,1.61,0.0109,77.2
Wilde 75,650,2.06,1.57,0.0109,69.7
Wilde 76,651,2.53,1.66,0.0109,64.3
Wilde 77,652,2.17,1.71,0.0109,39.1
Wilde 78,653,2.56,1.65,0.0109,69
Wilde 79,654,2.01,1.62,0.0109,60.9
Wilde 80,655,1.66,1.63,0.0109,54.8
Wilde 81,656,1.88,1.65,0.0109,48.8
Wilde 82,657,1.73,1.64,0.0109,48
Wilde 83,658,1.96,1.59,0.0109,54.4
Wilde 84,659,1.9,1.7,0.0109,64.2
Wilde 85,660,1.67,1.65,0.0109,70.5
Wilde 86,661,1.73,1.62,0.0109,52.5
Wilde 87,662,1.73,1.59,0.0109,61.3
Wilde 88,663,1.8,1.6,0.0109,63.5
Wilde 89,664,1.82,1.67,0.0109,53.8
Wilde 90,665,1.32,1.64,0.0109,36.4
Wilde 91,666,1.22,1.62,0.0109,47.1
Wilde 92,667,1.36,1.56,0.0109,45.3
Wilde 93,668,0.99,1.61,0.0109,34.5
Wilde 94,669,1.06,1.94,0.0109,41.6
Wilde 95,670,1.43,1.67,0.0109,50.4
Wilde 96,671,1.1,1.77,0.0109,30.5
Wilde 98,672,1.22,1.69,0.0109,46.2
Wilde 99,673,1.06,1.74,0.0109,30
Wilde 100,674,0.62,1.56,0.0109,18.8
Wilde 104,675,0.69,1.58,0.0109,32.5
Wilde 105,676,0.76,1.58,0.0109,41.8
Wilde 106,677,0.79,1.58,0.0109,39
Wilde 107,678,0.66,1.7,0.0109,32.5
Wilde 108,679,0.61,1.6,0.0109,30.3
Wilde 109,680,0.7,1.63,0.0109,30.3
Wilde 110,681,0.48,1.62,0.0109,32.1
Wilde 111,682,0.4,1.63,0.0109,27.4
Wilde 112,683,0.36,1.69,0.0109,19.5
Wilde 113,684,0.5,1.59,0.0109,25.5
Wilde 114,685,0.41,1.58,0.0109,23.3
Wilde 116,686,0.52,1.6,0.0109,25.3
Wilde 117,687,0.44,1.54,0.0109,25.9
Wilde 119,688,0.35,1.54,0.0109,25.6
Wilde 120,689,2.57,1.66,0.0111,58.1
Wilde 122,690,1.87,1.67,0.0111,36.1
Wilde 123,691,2.07,1.62,0.0111,52.7
Wilde 124,692,1.64,1.63,0.0111,62.5
Wilde 125,693,2,1.6,0.0111,40
Wilde 126,694,2.18,1.59,0.0111,48
Wilde 127,695,2.39,1.69,0.0111,61
Wilde 128,696,2.05,1.69,0.0111,52
Wilde 129,697,1.8,1.69,0.0062,53.5
Wilde 130,698,1.7,1.65,0.0062,45.5
Wilde 131,699,1.41,1.67,0.0062,48
Wilde 132,700,1.69,1.66,0.0062,47
Wilde 133,701,1.51,1.6,0.0062,40.9
Wilde 134,702,1.9,1.62,0.0062,50.3
Wilde 135,703,1.62,1.62,0.0062,41.4
Wilde 137,704,1.65,1.66,0.0062,36
Wilde 138,705,1.43,1.65,0.0062,37
Wilde 139,706,1.65,1.44,0.0056,49
Wilde 140,707,1.25,1.66,0.0056,39
Wilde 141,708,0.87,1.64,0.0056,29.7
Wilde 143,709,0.83,1.63,0.0056,41.7
Wilde 144,710,1.06,1.65,0.0056,36.9
Wilde 145,711,1.14,1.64,0.0056,30.7
Wilde 146,712,0.87,1.67,0.0056,21.7
Wilde 148,713,1.02,1.7,0.0056,26.5
Wilde 149,714,0.92,1.62,0.0046,28
Wilde 150,715,0.67,1.62,0.0111,32.3
Wilde 151,716,0.79,1.63,0.0111,32
Wilde 152,717,0.84,1.75,0.0111,37
Wilde 154,718,0.68,1.67,0.0111,27.6
Wilde 155,719,0.77,1.65,0.0111,29.6
Wilde 156,720,0.73,1.63,0.0111,37.3
Wilde 157,721,0.64,1.66,0.0111,18.9
Wilde 158,722,0.56,1.65,0.0111,25.7
Wilde 159,723,0.62,1.67,0.0059,32.5
Wilde 160,724,2.27,1.77,0.0107,61.5
Wilde 161,725,2.73,1.6,0.0107,65.5
Wilde 162,726,2.64,1.64,0.0107,81.5
Wilde 163,727,2.07,1.6,0.0107,68.5
Wilde 164,728,2.82,1.78,0.0107,80
Wilde 165,729,2.5,1.61,0.0107,68
Wilde 166,730,1.96,1.67,0.0107,61.2
Wilde 167,731,2.54,1.68,0.0107,74.3
Wilde 168,732,1.45,1.66,0.0107,45.4
Wilde 170,733,1.44,1.65,0.0107,49.5
Wilde 171,734,1.45,1.64,0.0107,57.5
Wilde 172,735,1.92,1.64,0.0107,53
Wilde 173,736,1.8,1.62,0.0107,54
Wilde 174,737,1.49,1.65,0.0107,42.6
Wilde 175,738,1.88,1.66,0.0107,53.2
Wilde 176,739,1.52,1.68,0.0107,54.5
Wilde 177,740,1.82,1.65,0.0107,59
Wilde 178,741,1.05,1.65,0.0107,45
Wilde 180,742,1.3,1.62,0.0107,42.8
Wilde 181,743,1.23,1.65,0.0107,37.4
Wilde 182,744,1.17,1.63,0.0107,49
Wilde 183,745,1.33,1.7,0.0107,54
Wilde 184,746,1.18,1.66,0.0107,36.5
Wilde 185,747,1.02,1.6,0.0107,39
Wilde 186,748,1.31,1.67,0.0107,51.2
Wilde 187,749,1.44,1.69,0.0107,48.2
Wilde 188,750,1.39,1.64,0.0107,45.5
Wilde 189,751,0.89,1.6,0.0107,43.2
Wilde 191,752,0.69,1.65,0.0107,34.3
Wilde 193,753,0.64,1.66,0.0107,30.7
Wilde 194,754,0.72,1.66,0.0107,35.1
Wilde 195,755,0.73,1.69,0.0107,33.2
Wilde 196,756,0.59,1.55,0.0107,29
Wilde 197,757,0.89,1.59,0.0107,34
Wilde 198,758,0.9,1.62,0.0107,35.6
Wilde 199,759,2.81,1.62,0.6,85.7
Wilde Oil 1,760,2.27,1.62,0.6,77
Wilde Oil 2,761,2,1.63,0.6,43.1
Wilde Oil 3,762,2.05,1.65,0.6,56
Wilde Oil 4,763,1.32,1.58,0.6,38.4
Wilde Oil 6,764,1.48,1.64,0.6,37.8
Wilde Oil 7,765,0.82,1.61,0.6,26.8
Wilde Oil 8,766,0.92,1.64,0.6,29
Wilde Oil 9,767,0.92,1.65,0.6,32.6
Wilde Oil 10,768,0.79,1.65,0.6,27.2
Wilde Oil 11,769,1.15,1.65,0.6,41.3
Wilde Oil 12,770,1.43,1.66,0.6,50.5
Wilde Oil 13,771,1.43,1.61,0.6,36
Wilde Oil 14,772,1.15,1.61,0.6,28.6
Wilde Oil 15,773,0.52,1.67,0.6,13.4
Wilde Oil 16,774,1.24,1.42,0.6,38.8
Wilde Oil 17,775,1.05,1.63,0.6,33.9
Wilde Oil 18,776,1.19,1.61,0.6,45.7
Wilde Oil 19,777,1.65,1.65,0.6,58.9
Wilde Oil 21,778,0.8,1.65,0.6,33
Wilde Oil 22,779,1.33,1.58,0.6,43.2
Wilde Oil 24,780,1.27,1.6,0.6,45.6
Wilde Oil 25,781,1.1,1.58,0.6,25.8
Wilde Oil 26,782,2.01,1.6,0.6,57.1
Wilde Oil 27,783,1.23,1.7,0.6,35.7
Wilde Oil 28,784,1.11,1.62,0.6,39.2
Wilde Oil 29,785,1.36,1.6,0.6,50.9
Wilde Oil 31,786,1.21,1.65,0.6,39.9
Wilde Oil 32,787,1.42,1.65,0.6,41.8
Wilde Oil 33,788,1.38,1.65,0.6,45.5
Wilde Oil 34,789,1.65,1.57,0.6,41.9
Wilde Oil 35,790,1.54,1.64,0.6,55.5
Wilde Oil 36,791,1.12,1.58,0.6,29.1
Wilde Oil 37,792,1.4,1.58,0.6,49.3
Wilde Oil 39,793,2.14,1.59,0.6,71
Wilde Oil 40,794,1.37,1.65,0.6,42.5
Wilde Oil 41,795,1.78,1.63,0.6,50.5
Wilde Oil 42,796,2.14,1.59,0.6,71.5
Wilde Oil 43,797,2.27,1.95,0.6,58.8
Wilde Oil 44,798,1.66,1.58,0.6,55
Wilde Oil 45,799,1.06,1.65,0.6,35.6
Wilde Oil 46,800,0.77,1.57,0.6,27.8
Wilde Oil 48,801,1.12,1.59,0.6,27.4
Wilde Oil 49,802,1.45,1.63,0.6,50.5
Wilde Oil 50,803,1.12,1.64,0.6,38.3
Wilde Oil 52,804,1.06,1.67,0.6,38.2
Wilde Oil 53,805,1.12,1.62,0.6,38.8
Wilde Oil 55,806,1.28,1.64,0.6,36.8
Wilde Oil 56,807,0.59,1.6,0.6,16.7
Wilde Oil 58,808,0.7,1.63,0.6,25.2
Wilde Oil 59,809,1.32,1.63,0.6,43.9
Wilde Oil 60,810,1.2,1.63,0.6,39.7
Wilde Oil 61,811,0.99,1.6,0.6,37.1
Wilde Oil 62,812,1.42,1.51,0.6,57.8
Wilde Oil 63,813,1.53,1.5,0.6,62.5
Wilde Oil 64,814,1.64,1.49,0.6,66
Wilde Oil 65,815,2.1,1.62,0.92,69
Wilde Oil 70,816,2.22,1.61,0.92,64.5
Wilde Oil 71,817,2.35,1.64,0.92,58.1
Wilde Oil 73,818,2.47,1.61,0.92,74
Wilde Oil 74,819,2.06,1.57,0.92,62.5
Wilde Oil 75,820,2.53,1.66,0.92,74
Wilde Oil 76,821,2.17,1.71,0.92,49.7
Wilde Oil 77,822,2.56,1.65,0.92,69.5
Wilde Oil 78,823,2.01,1.62,0.92,51.3
Wilde Oil 79,824,1.66,1.63,0.92,49.7
Wilde Oil 80,825,1.88,1.65,0.92,54
Wilde Oil 81,826,1.73,1.64,0.92,52.6
Wilde Oil 82,827,1.96,1.59,0.92,52.6
Wilde Oil 83,828,1.9,1.7,0.92,64.5
Wilde Oil 84,829,1.67,1.65,0.92,57.1
Wilde Oil 85,830,1.73,1.62,0.92,54
Wilde Oil 86,831,1.73,1.59,0.92,55.6
Wilde Oil 87,832,1.82,1.67,0.92,52.6
Wilde Oil 89,833,1.36,1.56,0.92,44.5
Wilde Oil 92,834,0.99,1.61,0.92,28.2
Wilde Oil 93,835,1.06,1.94,0.92,37.7
Wilde Oil 94,836,1.1,1.77,0.92,34.5
Wilde Oil 96,837,1.15,1.59,0.92,36.6
Wilde Oil 97,838,1.22,1.69,0.92,38.6
Wilde Oil 98,839,1.06,1.74,0.92,27.6
Wilde Oil 99,840,0.62,1.56,0.92,14.2
Wilde Oil 100,841,0.81,1.67,0.92,18.9
Wilde Oil 101,842,0.56,1.59,0.92,16.3
Wilde Oil 102,843,0.7,1.67,0.92,23.7
Wilde Oil 103,844,0.69,1.58,0.92,20.9
Wilde Oil 104,845,0.76,1.58,0.92,23.5
Wilde Oil 105,846,0.79,1.58,0.92,23.6
Wilde Oil 106,847,0.61,1.6,0.92,17.2
Wilde Oil 108,848,0.7,1.63,0.92,19.8
Wilde Oil 109,849,0.48,1.62,0.92,14.2
Wilde Oil 110,850,0.4,1.63,0.92,11.8
Wilde Oil 111,851,0.5,1.59,0.92,13.5
Wilde Oil 113,852,0.41,1.58,0.92,10.6
Wilde Oil 114,853,0.43,1.52,0.92,10.7
Wilde Oil 115,854,0.52,1.6,0.92,13.7
Wilde Oil 116,855,0.44,1.54,0.92,11.1
Wilde Oil 117,856,0.46,1.6,0.92,11.5
Wilde Oil 118,857,0.35,1.54,0.92,9.06
Wilde Oil 119,858,2.57,1.66,0.92,66.2
Wilde Oil 120,859,2.29,1.63,0.92,60.6
Wilde Oil 121,860,1.87,1.67,0.92,42.2
Wilde Oil 122,861,2.07,1.62,0.92,55.6
Wilde Oil 123,862,2,1.6,0.92,43.5
Wilde Oil 125,863,2.18,1.59,0.92,54
Wilde Oil 126,864,2.39,1.69,0.92,59.9
Wilde Oil 127,865,2.05,1.69,0.92,57.4
Wilde Oil 128,866,1.8,1.69,0.92,50.5
Wilde Oil 129,867,1.41,1.67,0.92,37.8
Wilde Oil 131,868,1.69,1.66,0.92,37
Wilde Oil 132,869,1.51,1.6,0.92,40.4
Wilde Oil 133,870,1.62,1.62,0.92,43.5
Wilde Oil 135,871,1.43,1.65,0.92,37.8
Wilde Oil 138,872,1.65,1.44,0.92,46.3
Wilde Oil 139,873,1.25,1.66,0.92,32.2
Wilde Oil 140,874,0.87,1.64,0.92,20.6
Wilde Oil 141,875,1.06,1.65,0.92,27.4
Wilde Oil 144,876,1.14,1.64,0.92,19.6
Wilde Oil 145,877,0.87,1.67,0.92,20.4
Wilde Oil 146,878,1,1.64,0.92,32.6
Wilde Oil 147,879,1.02,1.7,0.92,24
Wilde Oil 148,880,0.92,1.62,0.92,22.2
Wilde Oil 149,881,0.67,1.62,0.92,20.3
Wilde Oil 150,882,0.79,1.63,0.92,22.8
Wilde Oil 151,883,0.77,1.65,0.92,20.8
Wilde Oil 155,884,0.73,1.63,0.92,22
Wilde Oil 156,885,0.64,1.66,0.92,14
Wilde Oil 157,886,0.56,1.65,0.92,16.3
Wilde Oil 158,887,0.62,1.67,0.92,20.1
Wilde Oil 159,888,1.98,1.63,0.6,69.5
Wilde Oil 160,889,2.73,1.6,0.6,77
Wilde Oil 162,890,2.64,1.64,0.6,80
Wilde Oil 163,891,2.07,1.6,0.6,66.7
Wilde Oil 164,892,2.82,1.78,0.6,100
Wilde Oil 165,893,2.5,1.61,0.6,71.5
Wilde Oil 166,894,2.54,1.68,0.6,64.5
Wilde Oil 168,895,1.44,1.65,0.6,47.6
Wilde Oil 171,896,1.45,1.64,0.6,51.3
Wilde Oil 172,897,1.8,1.62,0.6,55.9
Wilde Oil 174,898,1.49,1.65,0.6,47
Wilde Oil 175,899,1.88,1.66,0.6,62
Wilde Oil 176,900,1.52,1.68,0.6,55.2
Wilde Oil 177,901,1.82,1.65,0.6,58.9
Wilde Oil 178,902,1.63,1.58,0.6,55.6
Wilde Oil 179,903,1.05,1.65,0.6,40
Wilde Oil 180,904,1.3,1.62,0.6,39.4
Wilde Oil 181,905,1.23,1.65,0.6,39.7
Wilde Oil 182,906,1.17,1.63,0.6,42.9
Wilde Oil 183,907,1.33,1.7,0.6,49.7
Wilde Oil 184,908,1.18,1.66,0.6,37.3
Wilde Oil 185,909,1.02,1.6,0.6,31.8
Wilde Oil 186,910,1.31,1.67,0.6,47.5
Wilde Oil 187,911,1.44,1.69,0.6,49.7
Wilde Oil 188,912,1.39,1.64,0.6,43.9
Wilde Oil 189,913,0.89,1.6,0.6,32.2
Wilde Oil 190,914,0.64,1.66,0.6,21
Wilde Oil 191,915,0.72,1.66,0.6,22.7
Wilde Oil 194,916,0.73,1.69,0.6,24.8
Wilde Oil 195,917,0.59,1.55,0.6,19.3
Wilde Oil 196,918,0.89,1.59,0.6,31.7
Wilde Oil 197,919,0.9,1.62,0.6,31.1
Wilde Oil 198,920,2.44,1.93,7,21.4
Wilde Oil 199,921,2.62,1.91,7,24.4
Alger 2 (100G),922,3.28,1.57,7,35.2
Alger 3 (100G),923,2.99,1.59,7,31.7
Alger 4 (100G),924,3.06,1.96,7,37.4
Alger 5(100G),925,3.31,1.98,7,40.2
Alger 6 (100G),926,3.24,1.59,7,33.8
Alger 7 (100G),927,3.28,1.63,7,36.1
Alger 9 (100G),928,2.44,1.93,1.3,40.1
Alger 10 (100G),929,2.62,1.91,1.3,46.1
Alger 2 (90G),930,3.28,1.57,1.3,68.5
Alger 3 (90G),931,2.99,1.59,1.3,63.2
Alger 4 (90G),932,3.06,1.96,1.3,67.6
Alger 5 (90G),933,3.31,1.98,1.3,67.1
Alger 6 (90G),934,3.24,1.59,1.3,62.3
Alger 7 ((90G),935,3.28,1.63,1.3,70
Alger 9 (90G),936,2.44,1.93,0.8,39.4
Alger 10 (90G),937,2.62,1.91,0.8,48.8
Alger 2 (85G),938,3.28,1.57,0.8,77.7
Alger 3 (85G),939,2.99,1.59,0.8,71.5
Alger 4(85G),940,3.06,1.96,0.8,75.3
Alger 5(85G),941,3.31,1.98,0.8,71.9
Alger 6(85G),942,3.24,1.59,0.8,69
Alger 7(85G),943,3.28,1.63,0.8,73.4
Alger 9(85G),944,2.44,1.93,0.23,42
Alger 10(85G),945,2.62,1.91,0.23,51.5
Alger 2 (70G),946,3.28,1.57,0.23,94.3
Alger 3(70G),947,2.99,1.59,0.23,85
Alger 4(70G),948,3.06,1.96,0.23,85.9
Alger 5(70G),949,3.31,1.98,0.23,81.2
Alger 6(70G),950,3.24,1.59,0.23,80.1
Alger 7(70G),951,3.28,1.63,0.23,81.3
Alger 9(70G),952,2.44,1.93,0.09,44.8
Alger 10(70G),953,2.62,1.91,0.09,55.5
Alger 2 (55G),954,3.28,1.57,0.09,95.3
Alger 3(55G),955,2.99,1.59,0.09,86.1
Alger 4(55G),956,3.06,1.96,0.1,88.5
Alger 5(55G),957,3.31,1.98,0.09,87.6
Alger 6(55G),958,3.24,1.59,0.09,92.6
Alger 7(55G),959,3.28,1.63,0.1,96
Alger 9(55G),960,2.44,1.93,0.04,45.4
Alger 10(55G),961,2.62,1.91,0.04,50.5
Alger 2 (40G),962,3.28,1.57,0.04,98
Alger 3 (40G),963,2.99,1.59,0.04,82.4
Alger 4 (40G),964,3.06,1.96,0.04,81.5
Alger 5 (40G),965,3.31,1.98,0.04,82.5
Alger 6 (40G),966,3.24,1.59,0.04,86.5
Alger 7 (40G),967,3.28,1.63,0.04,85
Alger 9 (40G),968,2.44,1.93,0.014,47.7
Alger 10 (40G),969,2.62,1.91,0.014,55.6
Alger 2 (8W),970,3.28,1.57,0.014,111
Alger 3 (8W),971,2.99,1.59,0.014,99
Alger 4 (8W),972,3.06,1.96,0.014,81.5
Alger 5 (8W),973,3.31,1.98,0.014,86.5
Alger 6 (8W),974,3.24,1.59,0.014,95
Alger 7 (8W),975,3.28,1.63,0.014,94
Alger 9 (8W),976,2.44,1.93,0.008,47.5
Alger 10 (8W),977,2.62,1.91,0.008,56.4
Alger 2 (27W),978,3.28,1.57,0.008,106
Alger 3 (27W),979,2.99,1.59,0.008,101
Alger 4 (27W),980,3.06,1.96,0.008,88.7
Alger 5 (27W),981,3.31,1.98,0.008,84.6
Alger 6 (27W),982,3.24,1.59,0.008,97.7
Alger 7 (27W),983,3.28,1.63,0.008,97.8
Alger 9 (27W),984,0.367,1.8,0.011,0.298
Alger 10 (27W),985,0.367,1.72,0.011,0.265
Watts+Zarillo 2019,986,0.0385,1.7,9.60E-03,9.98
Watts+Zarillo 2019,987,0.055,1.7,9.60E-03,12.32
Watts+Zarillo 2019,988,0.0781,1.7,9.60E-03,14.03
Watts+Zarillo 2019,989,0.11,1.7,9.60E-03,15.3
Watts+Zarillo 2019,990,0.22,1.7,9.60E-03,19.85
Watts+Zarillo 2019,991,0.308,1.7,9.60E-03,19.11
Watts+Zarillo 2019,992,0.44,1.7,9.60E-03,19.21
Watts+Zarillo 2019,993,0.5225,1.7,9.60E-03,20.61
Watts+Zarillo 2019,994,0.88,1.7,9.60E-03,27.5
Paphitis et al2002,995,0.0363,1.8,1.08E-01,0.298
Paphitis et al2002,996,0.0429,1.8,1.08E-01,0.415
Paphitis et al2002,997,0.0506,1.8,1.08E-01,0.502
Paphitis et al2002,998,0.0605,1.8,1.08E-01,0.6
Paphitis et al2002,999,0.0715,1.8,1.08E-01,0.736
Paphitis et al2002,1000,0.0858,1.8,1.08E-01,0.819
Paphitis et al2002,1001,0.0363,1.72,1.08E-01,0.265
Paphitis et al2002,1002,0.0429,1.72,1.08E-01,0.357
Paphitis et al2002,1003,0.0506,1.72,1.08E-01,0.426
Paphitis et al2002,1004,0.0605,1.72,1.08E-01,0.49
Paphitis et al2002,1005,0.0715,1.72,1.08E-01,0.558
Paphitis et al2002,1006,0.0858,1.72,1.08E-01,0.691